, ,ȸ ,ȸ,,ȸ,ȸ , ο,ƿ
0,ҽxҽ                ,1ȭ,1,2020.04.23,69288,9.47,( 559),693
1,ҽxҽ                ,2ȭ,2,2020.04.30,47876,9.48,( 418),561
2,ҽxҽ                ,3ȭ,3,2020.05.07,43907,9.40,( 419),521
3,ҽxҽ                ,4ȭ,4,2020.05.14,42601,9.40,( 420),525
4,ҽxҽ                ,5ȭ,5,2020.05.21,41786,9.41,( 366),510
5,ɾ 30                ,1ȭ Ű,1,2016.02.18,1628323,9.90,( 7141),"7,149"
6,ɾ 30                ,2ȭ ̸,2,2016.02.28,1194199,9.91,( 6737),"6,325"
7,ɾ 30                ,3ȭ λ,3,2016.03.08,1106292,9.92,( 6788),"6,188"
8,ɾ 30                ,4ȭ ,4,2016.03.23,1071091,9.92,( 6624),"5,964"
9,ɾ 30                ,5ȭ () ,5,2016.03.28,1026080,9.90,( 5575),"4,957"
10,ݼ                ,1ȭ,1,2015.11.19,1284565,9.82,( 3279),"2,130"
11,ݼ                ,2ȭ,2,2015.11.27,981079,9.83,( 2269),"1,344"
12,ݼ                ,3ȭ,3,2015.12.04,845247,9.81,( 2304),"1,362"
13,ݼ                ,4ȭ,4,2015.12.11,775333,9.79,( 2193),"1,231"
14,ݼ                ,5ȭ,5,2015.12.18,738806,9.80,( 2384),"1,394"
15,ȫô  !                ,1.ȳϼ! ȫÿ!,1,2017.04.03,949982,9.89,( 5533),"1,944"
16,ȫô  !                ,2.ʳ   ּ̰?,2,2017.04.11,775822,9.88,( 4574),"1,483"
17,ȫô  !                ,3. ,3,2017.04.17,725194,9.88,( 4351),"1,407"
18,ȫô  !                ,4. ɰ  ,4,2017.04.24,668354,9.87,( 4186),"1,379"
19,ȫô  !                ,5.  о,5,2017.05.01,674888,9.90,( 5176),"1,558"
20,ϱ                ,2б ,1,2013.09.11,1192778,9.88,( 11182),"5,508"
21,ϱ                ,ް,2,2013.09.19,843683,9.89,( 10023),"4,130"
22,ϱ                ,,3,2013.10.02,687852,9.89,( 9672),"3,584"
23,ϱ                ,2,4,2013.10.12,597031,9.88,( 9065),"3,217"
24,ϱ                ,߰,5,2013.10.18,568395,9.91,( 10162),"3,904"
25,                ,,1,2016.10.31,638273,9.89,( 5020),"3,753"
26,                ,Q&A + ,2,2017.02.03,512439,9.86,( 2989),"2,058"
27,                ,˼մϴ,3,2017.03.23,452987,9.92,( 3725),947
28,5kg Ͽ                ,ѷα,1,2017.05.10,540467,9.50,( 1848),724
29,5kg Ͽ                ,1ȭ,2,2017.05.10,576376,9.86,( 1954),751
30,5kg Ͽ                ,2ȭ,3,2017.05.11,538728,9.84,( 1977),734
31,5kg Ͽ                ,3ȭ,4,2017.05.17,498215,9.88,( 1914),677
32,5kg Ͽ                ,4ȭ,5,2017.05.25,476293,9.93,( 2081),790
33,ξ                  ,Ŀ  ,1,2019.03.05,406820,9.75,( 2287),"2,254"
34,ξ                  , !,2,2019.05.24,218630,9.74,( 2057),"2,094"
35,̰͵ ģ                ,ѷα,1,2017.01.01,428681,9.88,( 2232),"1,878"
36,̰͵ ģ                ,1ȭ. ģ  ͳ?,2,2017.01.08,510594,9.88,( 2126),"1,686"
37,̰͵ ģ                ,2ȭ. Ȱ ȭ,3,2017.01.15,403009,9.89,( 2040),"1,588"
38,̰͵ ģ                ,3ȭ. 21 ڵ  ǻ տ (1),4,2017.01.22,368372,9.88,( 1996),"1,546"
39,̰͵ ģ                ,Ư,5,2017.01.29,310125,9.88,( 1638),"1,355"
40,                ,1ȭ. 3..  ٸ 츮 (1),1,2014.10.10,616331,9.81,( 4113),"2,995"
41,                ,2ȭ. 3..  ٸ 츮 (2),2,2014.10.17,478146,9.82,( 3568),"2,139"
42,                ,3ȭ. 3..  ٸ 츮 (3),3,2014.10.24,372339,9.81,( 3162),"1,734"
43,                ,"4ȭ.  , ƴ  ٶ .",4,2014.10.31,273925,9.81,( 3075),"1,599"
44,                ,5ȭ.  ?,5,2014.11.07,227458,9.81,( 3037),"1,630"
45,#νŸ׷                ,ѷα,1,2018.10.19,335457,9.51,( 758),637
46,#νŸ׷                ,1ȭ,2,2018.10.26,335270,9.57,( 689),493
47,#νŸ׷                ,2ȭ,3,2018.11.02,250998,9.59,( 624),340
48,#νŸ׷                ,3ȭ,4,2018.11.09,214372,9.63,( 611),320
49,#νŸ׷                ,4ȭ,5,2018.11.16,218042,9.67,( 610),322
50,츮  ̵!                ,1ȭ,1,2017.05.31,349733,9.74,( 1316),627
51,츮  ̵!                ,2ȭ,2,2017.06.08,256414,9.77,( 1078),515
52,츮  ̵!                ,3ȭ,3,2017.06.15,218442,9.79,( 1023),458
53,츮  ̵!                ,4ȭ,4,2017.06.22,205051,9.81,( 1055),458
54,츮  ̵!                ,5ȭ,5,2017.06.29,212468,9.77,( 957),445
55,纴  Ǵ                ,ѷα,1,2018.07.25,334250,9.72,( 1248),396
56,纴  Ǵ                ,1ȭ,2,2018.07.25,372099,9.82,( 1432),452
57,纴  Ǵ                ,2ȭ,3,2018.08.01,300754,9.84,( 1298),375
58,纴  Ǵ                ,3ȭ,4,2018.08.08,262261,9.84,( 1272),350
59,纴  Ǵ                ,4ȭ,5,2018.08.15,256048,9.83,( 1134),353
60, Ҵ~ ̺~                ,,1,2018.04.04,268518,9.89,( 2105),633
61, Ҵ~ ̺~                ,2,2,2018.04.21,222466,9.86,( 1465),486
62, Ҵ~ ̺~                ,Ŀ,3,2018.06.04,174773,9.91,( 2097),606
63,Ͱ                ,--,1,2014.06.25,236307,9.81,( 2359),"1,625"
64,Ͱ                ,-1-,2,2014.06.27,260183,9.84,( 2419),"1,472"
65,Ͱ                ,-2-,3,2014.07.05,216561,9.85,( 2449),"1,451"
66,Ͱ                ,-3-,4,2014.07.17,187305,9.85,( 2385),"1,429"
67,Ͱ                ,-4-,5,2014.07.25,169749,9.87,( 2331),"1,351"
68,׿Ư                ,01,1,2018.02.14,478122,9.78,( 1924),"2,044"
69,׿Ư                ,02,2,2018.02.21,327122,9.88,( 1471),"1,532"
70,׿Ư                ,03,3,2018.02.28,282310,9.85,( 1444),"1,387"
71,׿Ư                ,04,4,2018.03.07,258251,9.89,( 1307),"1,302"
72,׿Ư                ,05,5,2018.03.14,248875,9.91,( 1232),"1,245"
73,õ  ȭӴ                ,,1,2016.10.04,252925,9.85,( 1904),"1,107"
74,õ  ȭӴ                ,,2,2016.10.10,210825,9.88,( 1684),"1,033"
75,õ  ȭӴ                ,,3,2016.10.19,183780,9.85,( 1452),820
76,õ  ȭӴ                ,Ұ,4,2016.11.28,172672,9.90,( 1494),890
77,õ  ȭӴ                ,ü,5,2016.12.06,182154,9.91,( 2379),"1,239"
78,                 ,01,1,2017.02.19,300464,9.87,( 964),365
79,                 ,02,2,2017.03.07,221107,9.84,( 873),302
80,                 ,03,3,2017.03.15,190020,9.86,( 1026),336
81,                 ,Ʈ ,4,2017.04.02,146513,9.85,( 778),241
82,                 ,04,5,2017.04.05,172734,9.89,( 1185),358
83,õ ϼ                ,1ȭ,1,2019.06.04,300592,9.86,( 1527),"2,116"
84,õ ϼ                ,2ȭ,2,2019.06.11,242512,9.93,( 1286),"1,790"
85,õ ϼ                ,3ȭ,3,2019.06.18,206959,9.95,( 1200),"1,610"
86,õ ϼ                ,4ȭ,4,2019.06.25,193245,9.89,( 1256),"1,586"
87,õ ϼ                ,,5,2019.06.28,184933,9.91,( 1105),"1,376"
88, 츮                 ,1ȭ  [1],1,2018.08.22,354386,9.81,( 1986),875
89, 츮                 ,2ȭ  [2],2,2018.08.29,261533,9.88,( 1626),744
90, 츮                 ,3ȭ  ݹ [1],3,2018.09.05,217829,9.85,( 1237),639
91, 츮                 ,4ȭ  ݹ [2],4,2018.09.12,194509,9.87,( 1129),540
92, 츮                 ,5ȭ  ݹ [3],5,2018.09.19,188293,9.86,( 1078),572
93,л                 ,,1,2019.03.21,244416,9.87,( 1083),808
94,л                 ,1ȭ,2,2019.03.28,264997,9.91,( 1421),938
95,л                 ,2ȭ,3,2019.04.04,240538,9.93,( 1477),989
96,л                 ,3ȭ,4,2019.04.11,225128,9.90,( 1489),939
97,л                 ,4ȭ,5,2019.04.18,215130,9.88,( 1336),895
98,                ,,1,2016.06.24,408064,9.87,( 1403),"1,319"
99,                ,,2,2016.07.01,298281,9.89,( 1184),"1,042"
100,                ,,3,2016.07.08,260420,9.88,( 1021),803
101,                ,,4,2016.07.15,217767,9.90,( 973),795
102,                ,,5,2016.07.22,206652,9.90,( 943),775
103,ε                ,ε - پ Դϴ!,1,2018.07.16,271325,9.73,( 538),269
104,ε                ,1ȭ,2,2018.07.30,340282,9.91,( 1833),559
105,ε                ,2ȭ,3,2018.08.07,203333,9.84,( 1047),404
106,ε                ,3ȭ,4,2018.08.14,148495,9.77,( 928),321
107,ε                ,4ȭ,5,2018.08.21,125017,9.85,( 842),282
108,ֹ ȭ                , λ,1,2017.04.30,190612,9.86,( 1024),253
109,ֹ ȭ                ,,2,2017.07.18,128459,9.79,( 490),182
110,ֹ ȭ                ,D-day ,3,2017.07.24,135760,9.48,( 383),225
111,Ŀ                ,1,1,2019.11.15,289315,9.85,( 2474),"3,749"
112,Ŀ                ,2,2,2019.11.22,188896,9.88,( 1917),"2,839"
113,Ŀ                ,3,3,2019.11.29,165033,9.91,( 1605),"2,521"
114,Ŀ                ,4,4,2019.12.07,151048,9.90,( 1767),"2,537"
115,Ŀ                ,5,5,2019.12.14,147373,9.92,( 1761),"2,542"
116,Ϸ縸 װ ǰ ;                ,1. ҹ  ,1,2019.08.29,230880,9.83,( 1376),"1,574"
117,Ϸ縸 װ ǰ ;                ,"2.  ,  ",2,2019.08.29,133136,9.86,( 1071),"1,134"
118,Ϸ縸 װ ǰ ;                ,3. ̰ ϱ?,3,2019.08.29,122960,9.89,( 1385),"1,196"
119,Ϸ縸 װ ǰ ;                ,  ,4,2019.09.01,106110,9.88,( 1085),"1,133"
120,Ϸ縸 װ ǰ ;                ,4. ɲ  ɰ,5,2019.09.11,111275,9.84,( 1237),"1,161"
121,ݿ                ,<  >,1,2012.08.16,137600,9.71,( 1960),300
122,Ʊ⳺¸ȭ                ,մϴ :),1,2017.03.02,224282,9.82,( 970),226
123,Ʊ⳺¸ȭ                ,1ȭ Ʊ !,2,2017.03.02,286041,9.88,( 1438),382
124,Ʊ⳺¸ȭ                ,2ȭ ڿӽźҰ,3,2017.03.02,250056,9.87,( 1189),287
125,Ʊ⳺¸ȭ                ,3ȭ ΰ,4,2017.03.02,207932,9.86,( 1383),287
126,Ʊ⳺¸ȭ                ,4ȭ ,5,2017.03.02,182966,9.87,( 1238),256
127, Ǵ 2                , 00 ,1,2016.12.25,192905,9.83,( 799),546
128, Ǵ 2                ,,2,2017.03.06,97858,9.88,( 473),120
129, Ǵ 2                ,,3,2017.04.12,74493,9.97,( 567),143
130, ͽ                ,Ŀ  ,1,2018.12.12,153619,9.77,( 654),503
131, ͽ                ,,2,2019.03.28,78892,9.80,( 529),534
132,                 ,1ȭ źι,1,2016.01.13,156241,9.85,( 1011),714
133,                 ,2ȭ ġ,2,2016.01.20,133764,9.85,( 1064),572
134,                 ,3ȭ ,3,2016.01.27,121725,9.86,( 939),531
135,                 ,4ȭ ,4,2016.02.03,130236,9.85,( 1378),"1,065"
136,                 ,5ȭ ȸ,5,2016.02.09,110058,9.85,( 986),617
137,10 28                ,ѷα,1,2016.08.11,172507,9.73,( 354),98
138,10 28                ,1ȭ,2,2016.09.01,178824,9.85,( 419),117
139,10 28                ,2ȭ,3,2016.09.08,127064,9.84,( 387),103
140,10 28                ,3ȭ,4,2016.09.22,113218,9.90,( 409),88
141,10 28                ,4ȭ,5,2017.01.05,107908,9.88,( 367),73
142,չ ĸ                ,1ȭ     ^_^)9,1,2017.11.25,298826,9.89,( 3922),"1,331"
143,չ ĸ                ,2ȭ,2,2017.12.02,189422,9.90,( 3785),"1,090"
144,չ ĸ                ,3ȭ,3,2017.12.09,152967,9.90,( 3041),981
145,չ ĸ                ,4ȭ,4,2017.12.16,134857,9.90,( 3207),932
146,չ ĸ                ,5ȭ,5,2017.12.16,130998,9.90,( 3165),929
147,ȩ 츮                ,-,1,2017.11.29,234863,9.90,( 1687),458
148,ȩ 츮                ,-,2,2017.12.06,167294,9.86,( 1265),373
149,ȩ 츮                ,-,3,2017.12.13,155242,9.87,( 1260),363
150,ȩ 츮                ,-,4,2017.12.20,154483,9.90,( 1546),409
151,ȩ 츮                ,-,5,2018.01.03,146157,9.93,( 1878),399
152,ȣ                ,ѷα,1,2016.03.02,165509,9.90,( 662),450
153,ȣ                ,1. ù ,2,2016.03.08,169014,9.93,( 645),332
154,ȣ                ,2. ǳ,3,2016.03.15,127134,9.91,( 586),334
155,ȣ                ,3.   ,4,2016.03.22,124184,9.89,( 638),322
156,ȣ                ,4. ,5,2016.03.29,107885,9.87,( 611),297
157,ŸŸŸ                ,1ȭ,1,2019.01.06,175159,9.82,( 726),819
158,ŸŸŸ                ,2ȭ,2,2019.01.13,103752,9.83,( 537),601
159,ŸŸŸ                ,3ȭ,3,2019.01.19,85050,9.82,( 613),584
160,ŸŸŸ                ,4ȭ,4,2019.01.27,75772,9.74,( 670),518
161,ŸŸŸ                ,5ȭ,5,2019.02.02,73281,9.89,( 511),475
162,޼̾߱                ,ڴԵ鲲,1,2015.01.02,98966,9.87,( 2515),"1,436"
163,ΰ                ,ѷα,1,2017.10.30,160041,9.85,( 421),262
164,ΰ                ,1,2,2017.10.30,154753,9.82,( 390),237
165,ΰ                ,2,3,2017.11.05,135908,9.86,( 373),213
166,ΰ                ,3,4,2017.11.12,132535,9.93,( 387),197
167,ΰ                ,4,5,2017.11.18,123772,9.94,( 395),174
168,丮GO                ,1ȭ 丮  ,1,2017.06.10,198042,9.71,( 656),239
169,丮GO                ,2ȭ 丮б н,2,2017.06.17,124627,9.69,( 403),171
170,丮GO                ,3ȭ Ģ,3,2017.06.24,101844,9.75,( 473),154
171,丮GO                ,4ȭ ɷ,4,2017.07.01,105884,9.80,( 453),146
172,丮GO                ,5ȭ Ʈ ,5,2017.07.08,90158,9.90,( 477),160
173,ȥȰ ׸ϱ                ,,1,2018.01.27,179547,9.85,( 1554),384
174,ȥȰ ׸ϱ                ,,2,2018.01.27,149922,9.84,( 1289),325
175,ȥȰ ׸ϱ                ,,3,2018.01.28,143749,9.82,( 1291),312
176,ȥȰ ׸ϱ                ,,4,2018.01.29,139737,9.84,( 1251),305
177,ȥȰ ׸ϱ                ,,5,2018.01.30,132727,9.88,( 1228),298
178,Ƽ                ,ѷα,1,2016.12.23,159919,9.73,( 373),127
179,Ƽ                ,1. ȸ,2,2016.12.30,161435,9.79,( 384),106
180,Ƽ                ,2.  ,3,2017.01.06,109991,9.79,( 338),84
181,Ƽ                ,3. ľ,4,2017.01.13,90609,9.76,( 303),72
182,Ƽ                ,4. ,5,2017.01.20,83531,9.77,( 279),70
183,  ڸ                ,ǰ,1,2017.02.23,93889,9.71,( 349),72
184,  ڸ                ,Ŀ,2,2017.04.21,83772,9.73,( 269),57
185,                ,Ŀ ,1,2018.12.28,84323,6.13,( 664),111
186,ܸ                ,1ȭ,1,2014.07.19,219564,9.78,( 6311),"3,825"
187,ܸ                ,2ȭ,2,2014.08.01,126749,9.82,( 5577),"2,962"
188,ܸ                ,3ȭ,3,2014.08.07,64453,9.85,( 6722),"4,001"
189,ܸ                ,4ȭ,4,2014.08.16,38481,9.87,( 7407),"4,589"
190,ܸ                ,5ȭ,5,2014.08.23,28649,9.88,( 8895),"5,726"
191, ȯ ּ                ,ѷα,1,2017.10.27,126849,9.83,( 655),354
192, ȯ ּ                ,1ȭ -  ,2,2017.10.31,135517,9.80,( 597),329
193, ȯ ּ                ,2ȭ - λŸ׷,3,2017.11.02,101883,9.76,( 498),229
194, ȯ ּ                ,3ȭ - ,4,2017.11.07,87735,9.83,( 543),229
195, ȯ ּ                ,4ȭ - ȯҰ ,5,2017.11.10,87262,9.85,( 551),237
196, Ų ʿ                ,1ȭ,1,2019.11.27,132734,9.56,( 470),734
197, Ų ʿ                ,2ȭ,2,2019.12.04,84574,9.72,( 324),533
198, Ų ʿ                ,3ȭ,3,2019.12.11,63768,9.63,( 289),489
199, Ų ʿ                ,4ȭ,4,2019.12.18,60884,9.78,( 331),507
200, Ų ʿ                ,5ȭ,5,2019.12.25,65406,9.77,( 343),525
201,Ǫ縷 ƾƷ                ,ѷα,1,2016.09.30,146466,9.88,( 794),670
202,Ǫ縷 ƾƷ                ,.,2,2016.10.02,134784,9.91,( 730),603
203,Ǫ縷 ƾƷ                ,.,3,2016.10.08,108531,9.90,( 704),580
204,Ǫ縷 ƾƷ                ,.,4,2016.10.22,91933,9.91,( 696),576
205,Ǫ縷 ƾƷ                ,.,5,2016.10.29,93531,9.90,( 639),519
206,Ī θǽ                ,  ,1,2018.08.09,81832,9.64,( 270),153
207,Ī θǽ                ,,2,2019.03.21,66209,9.72,( 259),246
208,۸ĵ                ,01. ǽ  ū  ˴١,1,2017.08.22,131509,9.82,( 771),365
209,۸ĵ                ,02.  ,2,2017.08.28,85925,9.79,( 683),271
210,۸ĵ                ,03.   þ,3,2017.09.04,68761,9.84,( 621),229
211,۸ĵ                ,04. ǳ л,4,2017.09.11,61851,9.88,( 590),215
212,۸ĵ                ,05.    ̴ܰ,5,2017.09.18,60072,9.87,( 567),214
213,ϰ                ,۸̰  ߸ ,1,2017.01.20,119216,9.84,( 698),204
214,ϰ                ,۸̿ å  ,2,2017.01.20,91665,9.89,( 689),190
215,ϰ                ,۸    ,3,2017.01.26,85146,9.93,( 693),173
216,ϰ                ,Ǫ ùϴ,4,2017.01.29,79061,9.94,( 691),184
217,ϰ                ,۸̴  !,5,2017.02.14,72874,9.91,( 699),171
218,ɽ                ,ѷα,1,2018.10.08,110826,9.87,( 674),322
219,ɽ                ,մϴ,2,2018.12.04,68199,9.86,( 579),223
220,ɽ                ,Ŀ - մϴ,3,2019.08.08,25466,9.81,( 240),212
221,̸ Ź!                ,1ȭ ϴ  ,1,2018.12.03,135927,9.84,( 1144),756
222,̸ Ź!                ,2ȭ  ΰ ,2,2018.12.10,92169,9.88,( 1177),686
223,̸ Ź!                ,3ȭ ȯȸ  ž?,3,2018.12.17,82456,9.84,( 1074),613
224,̸ Ź!                ,4ȭ   ߳ ,4,2018.12.24,77077,9.86,( 1051),583
225,̸ Ź!                ,5ȭ ȣ ˷,5,2018.12.31,73677,9.89,( 1070),573
226,                 ,01 ظ  ȭ,1,2019.01.24,90691,9.77,( 487),353
227,                 ,02 Ÿ  ȭ,2,2019.01.30,65417,9.81,( 421),235
228,                 ,03 ȭ   ȭ,3,2019.02.06,50845,9.90,( 382),191
229,                 ,04    ȭ,4,2019.02.13,50272,9.85,( 376),180
230,                 ,05   ȭ,5,2019.02.19,40266,9.77,( 229),150
231,"ȥ, ȥ, ȥ  ̾߱                ",00. ȥ  ϴ,1,2017.04.07,137345,9.90,( 856),228
232,"ȥ, ȥ, ȥ  ̾߱                ",01. ù,2,2017.04.15,120201,9.90,( 825),205
233,"ȥ, ȥ, ȥ  ̾߱                ",02.  ,3,2017.04.23,95321,9.92,( 749),169
234,"ȥ, ȥ, ȥ  ̾߱                ",03.   ̾߱,4,2017.04.30,84732,9.93,( 849),184
235,"ȥ, ȥ, ȥ  ̾߱                ",04. ϸ ,5,2017.05.07,83935,9.95,( 902),184
236,žڳ                ,پ ,1,2018.09.28,72799,8.53,( 222),67
237,žڳ                ,1ȭ. ,2,2018.10.26,104548,8.36,( 347),103
238,žڳ                ,2ȭ. ߰,3,2018.11.02,71759,8.53,( 293),77
239,žڳ                ,3ȭ. (1),4,2018.11.09,61083,8.64,( 294),64
240,žڳ                ,4ȭ. (2),5,2018.11.16,50686,9.00,( 300),64
241,                ,1ȭ,1,2018.10.10,156252,9.53,( 259),136
242,                ,2ȭ,2,2018.10.17,95964,9.38,( 117),60
243,                ,3ȭ,3,2018.10.24,43374,9.41,( 92),30
244,                ,4ȭ,4,2018.10.31,25221,9.26,( 78),29
245,                ,5ȭ,5,2018.11.21,20168,9.25,( 60),24
246,9                 ,̼,1,2019.01.17,123978,9.16,( 348),237
247,9                 ,1. ι VS ,2,2019.01.24,114697,9.04,( 259),158
248,9                 ,2. ȭī 뺧,3,2019.01.31,64580,9.03,( 212),98
249,9                 ,3. ,4,2019.02.07,42560,8.93,( 180),100
250,9                 ,4. ø,5,2019.02.14,36228,8.66,( 162),73
251,Ÿ !                ,1ȭ,1,2018.04.19,121919,9.15,( 248),163
252,Ÿ !                ,2ȭ,2,2018.04.25,73788,9.20,( 177),100
253,Ÿ !                ,3ȭ,3,2018.05.02,46421,9.06,( 161),87
254,Ÿ !                ,4ȭ,4,2018.05.09,35182,9.02,( 138),61
255,Ÿ !                ,5ȭ,5,2018.05.16,33571,9.20,( 123),69
256,ŭŭ                ,˼մϴ..,1,2012.08.14,53267,9.84,( 2657),167
257,ȯϱ                , ,1,2019.03.18,55019,9.66,( 151),143
258,ȯϱ                ,  Դϴ..,2,2019.06.01,50941,9.74,( 205),155
259,  ȴ                 ,ѷα,1,2017.03.10,80413,9.90,( 711),223
260,  ȴ                 , <1>,2,2017.03.10,83854,9.88,( 611),207
261,  ȴ                 , <2>,3,2017.03.17,65211,9.88,( 626),184
262,  ȴ                 ,"Ҿƹ, ҸӴ <1>",4,2017.05.26,59694,9.89,( 656),197
263,  ȴ                 ,"Ҿƹ, ҸӴ <2>",5,2017.06.16,55300,9.89,( 659),191
264,1ο                 ,#׷ е,1,2017.10.27,72047,9.88,( 1017),204
265,1ο                 ,#,2,2017.11.04,53524,9.87,( 847),169
266,1ο                 ,#ӿ,3,2017.11.13,47660,9.88,( 709),146
267,1ο                 , ,4,2017.12.24,36450,9.87,( 551),119
268,ϴºκ                ,01,1,2017.04.04,83125,9.75,( 450),151
269,ϴºκ                ,02,2,2017.04.18,52645,9.92,( 250),74
270,ϴºκ                ,03,3,2017.05.02,40610,9.90,( 186),57
271,ϴºκ                ,04,4,2017.05.12,35268,9.95,( 201),71
272,ϴºκ                ,05,5,2017.05.23,47575,9.93,( 240),79
273, Ʈ ŷ                ,1_,1,2019.09.07,102143,9.66,( 642),837
274, Ʈ ŷ                ,2_,2,2019.09.14,83821,9.80,( 544),727
275, Ʈ ŷ                ,3_,3,2019.09.21,73834,9.75,( 497),653
276, Ʈ ŷ                ,4_,4,2019.09.28,69665,9.70,( 468),621
277, Ʈ ŷ                ,5_,5,2019.10.14,66449,9.71,( 447),568
278,Ӹī                 ,ѷα,1,2018.10.17,80358,9.84,( 294),216
279,Ӹī                 ,1ȭ -  (1),2,2018.10.24,77605,9.84,( 231),164
280,Ӹī                 ,2ȭ -  (2),3,2018.10.31,51926,9.68,( 234),131
281,Ӹī                 ,3ȭ -  (3),4,2018.11.07,45514,9.79,( 216),126
282,Ӹī                 ,4ȭ -  (4),5,2018.11.14,43706,9.78,( 209),126
283,ųŸ                ,* پ   *,1,2019.01.04,51263,9.66,( 157),114
284,ųŸ                ,,2,2019.01.30,58304,9.86,( 445),169
285,ųŸ                ,1ȭ -  ð,3,2019.02.06,47748,9.79,( 332),151
286,ųŸ                ,2ȭ - ,4,2019.02.13,29634,9.91,( 399),124
287,ųŸ                ,3ȭ - ٲ ,5,2019.02.20,27818,9.90,( 291),123
288,õ ڵ̵!                ,õ ڵ̵!,1,2016.04.05,70266,9.88,( 624),518
289,õ ڵ̵!                ,пũ ڼ ռ ,2,2016.04.08,70905,9.87,( 578),419
290,õ ڵ̵!                ,ũμθ  õ ̽ ,3,2016.04.15,59450,9.88,( 571),429
291,õ ڵ̵!                ,߾  ,4,2016.04.22,53274,9.87,( 630),471
292,õ ڵ̵!                ,ڸ   ,5,2016.04.29,51874,9.87,( 636),474
293, ź!                ,1ȭ,1,2018.01.18,85840,9.82,( 358),149
294, ź!                ,2ȭ,2,2018.01.25,56621,9.80,( 265),124
295, ź!                ,3ȭ,3,2018.02.01,46269,9.81,( 236),118
296, ź!                ,4ȭ,4,2018.02.08,41502,9.77,( 213),99
297, ź!                ,5ȭ,5,2018.02.15,41404,9.66,( 239),104
298,                ,00_縷  ,1,2016.11.24,193911,9.70,( 407),193
299,                ,01_г  ȣ,2,2016.11.25,168324,9.79,( 429),179
300,                ,02_츮鸸 ,3,2016.12.01,133853,9.80,( 361),146
301,                ,03_,4,2016.12.03,121445,9.75,( 329),135
302,                ,04_,5,2016.12.04,101556,9.87,( 372),128
303,ֱԴϴ(ʿԸ ̴)                ,,1,2019.08.26,47274,9.63,( 227),313
304,                ,ѷα,1,2019.04.21,69132,9.54,( 313),246
305,                ,1ȭ-ġŲ,2,2019.05.01,61324,9.54,( 297),194
306,                ,2ȭ-,3,2019.05.11,44825,9.52,( 256),165
307,                ,3ȭ-â,4,2019.05.21,45904,9.31,( 266),152
308,                ,  λ,5,2019.06.01,41007,9.53,( 232),155
309,츮  ̻Դ                ,"1ȭ.  , ̸ ",1,2016.03.25,81049,9.79,( 609),450
310,츮  ̻Դ                ,2ȭ.      ,2,2016.04.01,60151,9.86,( 595),428
311,츮  ̻Դ                ,3ȭ. 츮  ̻Դ,3,2016.04.08,54314,9.87,( 637),449
312,츮  ̻Դ                ,4ȭ.,4,2016.04.28,50072,9.89,( 743),551
313,츮  ̻Դ                ,5ȭ.   ȴ (),5,2016.05.06,47226,9.88,( 654),503
314,ǲ                ,1ȭ,1,2020.03.13,107984,9.50,( 510),630
315,ǲ                ,2ȭ,2,2020.03.20,74172,9.43,( 351),461
316,ǲ                ,3ȭ,3,2020.03.27,48278,9.35,( 325),365
317,ǲ                ,4ȭ,4,2020.04.03,38509,9.29,( 328),344
318,ǲ                ,5ȭ,5,2020.04.10,34579,9.40,( 302),325
319,                ,  ѷα_̶..,1,2009.05.08,171440,9.27,( 764),353
320,                ,01_迬 º??,2,2009.05.08,168689,9.07,( 539),229
321,                ,02_   ,3,2009.05.15,144512,8.85,( 522),129
322,                ,03_,4,2009.05.19,77015,8.99,( 426),71
323,                ,04_Ÿ,5,2009.05.22,42551,9.16,( 525),47
324,                ,ѷα,1,2015.08.24,59463,9.76,( 245),127
325,                ,1ȭ,2,2015.08.31,68597,9.66,( 259),98
326,                ,2ȭ,3,2015.09.07,44818,9.54,( 219),62
327,                ,3ȭ,4,2015.09.14,31161,9.76,( 194),59
328,                ,4ȭ,5,2015.09.21,26869,9.74,( 175),53
329,ݺ̴  ޸                ,1ȭ,1,2019.11.02,87293,9.83,( 888),895
330,ݺ̴  ޸                ,2ȭ,2,2019.11.09,58577,9.83,( 780),811
331,ݺ̴  ޸                ,3ȭ,3,2019.11.16,51189,9.87,( 899),817
332,ݺ̴  ޸                ,4ȭ,4,2019.11.23,44796,9.86,( 783),756
333,ݺ̴  ޸                ,5ȭ,5,2019.11.30,42373,9.84,( 837),759
334,Ϲ                , ,1,2018.05.31,45597,9.87,( 422),146
335,Ϲ                ,  ,2,2018.11.19,35822,9.77,( 216),101
336,Ϳ                ,糯¥,1,2014.07.12,40611,9.86,( 1183),605
337,üũƮ                ,ϵ (1),1,2015.10.27,70638,9.68,( 250),110
338,üũƮ                ,ϵ (2),2,2015.11.20,42827,9.49,( 229),78
339,üũƮ                ,ϵ (3),3,2015.12.02,28878,9.65,( 180),51
340,üũƮ                ,ϵ (4),4,2015.12.12,27267,9.72,( 197),66
341,üũƮ                ,ϵ (5),5,2016.01.03,41454,9.75,( 213),99
342,                   ,̻,1,2011.03.19,38661,9.69,( 4014),269
343,ǳŰ ҳ                ,1ȭ.̻ ,1,2019.07.20,100002,9.45,( 280),336
344,ǳŰ ҳ                ,2ȭ. ϴ ,2,2019.07.27,67413,9.51,( 204),257
345,ǳŰ ҳ                ,3ȭ. ,3,2019.08.03,43893,9.61,( 184),219
346,ǳŰ ҳ                ,4ȭ. ,4,2019.08.10,36871,9.75,( 228),240
347,ǳŰ ҳ                ,5ȭ.  ̾߱(1),5,2019.08.17,35500,9.81,( 189),228
348,ķ                 ,1ȭ,1,2020.09.26,57650,9.28,( 326),292
349,ķ                 ,2ȭ,2,2020.10.05,41277,9.40,( 262),235
350,ķ                 ,3ȭ,3,2020.10.15,34970,9.58,( 214),204
351,ķ                 ,4ȭ,4,2020.10.26,32544,9.44,( 221),198
352,ķ                 ,5ȭ,5,2020.11.12,31676,9.71,( 251),211
353,۸                 ,1,1,2019.04.14,62574,7.94,( 413),151
354,۸                 ,2,2,2019.04.21,42958,8.43,( 334),131
355,۸                 ,3,3,2019.04.28,37460,8.58,( 320),114
356,۸                 ,4,4,2019.05.12,36532,8.84,( 301),128
357,۸                 ,5,5,2019.05.19,35648,8.55,( 273),113
358, ڳ                ,-,1,2018.01.24,63294,9.58,( 309),110
359, ڳ                ,-,2,2018.01.31,34450,9.79,( 261),91
360, ڳ                ,-,3,2018.02.07,24029,9.80,( 243),78
361, ڳ                ,-,4,2018.02.14,22027,9.75,( 240),83
362, ڳ                ,-,5,2018.02.23,21065,9.75,( 252),78
363,Ľƾ                ,- λ,1,2017.10.31,27194,9.91,( 203),50
364,Ľƾ                ,-,2,2017.11.10,26473,9.75,( 107),36
365,Ľƾ                ,Ȳ ˸,3,2017.12.04,25633,9.81,( 94),34
366,Ľƾ                ,-Ŀ,4,2018.03.27,51357,9.90,( 198),77
367,ȭϱ                ,1ȭ ȯ,1,2018.11.22,83461,9.83,( 660),410
368,ȭϱ                ,2ȭ ,2,2018.11.29,59051,9.83,( 524),302
369,ȭϱ                ,3ȭ λ,3,2018.12.06,49071,9.85,( 538),277
370,ȭϱ                ,4ȭ û,4,2018.12.13,44656,9.89,( 453),251
371,ȭϱ                ,5ȭ û ,5,2018.12.20,42629,9.88,( 473),249
372,(α׾ƿ)                ,1ȭ  (1),1,2019.05.27,57027,9.94,( 382),207
373,(α׾ƿ)                ,2ȭ  (2),2,2019.06.03,46245,9.84,( 353),204
374,(α׾ƿ)                ,3ȭ  (1),3,2019.06.10,40654,9.93,( 295),174
375,(α׾ƿ)                ,4ȭ  (2),4,2019.06.17,35812,9.93,( 290),158
376,(α׾ƿ)                ,5ȭ  (3),5,2019.06.24,36499,9.87,( 342),182
377, ʼ                ,01,1,2020.04.25,56003,9.61,( 452),330
378, ʼ                ,02,2,2020.05.02,34394,9.55,( 377),290
379, ʼ                ,03,3,2020.05.09,27419,9.58,( 325),262
380, ʼ                ,04,4,2020.05.16,24490,9.70,( 349),237
381, ʼ                ,05,5,2020.05.23,23965,9.60,( 270),228
382,Ҹ 6̸                ,.,1,2018.07.31,64399,9.44,( 394),149
383,Ҹ 6̸                ,.,2,2018.08.10,39632,9.48,( 271),104
384,Ҹ 6̸                ,.,3,2018.08.24,33947,9.54,( 197),101
385,Ҹ 6̸                ,.,4,2018.09.07,32384,9.72,( 191),97
386,Ҹ 6̸                ,.,5,2018.09.21,30340,9.73,( 169),89
387,į  ǹ                ,ѷα,1,2019.05.15,63759,9.89,( 1174),632
388,į  ǹ                , ħ,2,2019.05.22,58292,9.86,( 922),516
389,į  ǹ                ,Ȯ!,3,2019.05.29,47463,9.88,( 1006),528
390,į  ǹ                ,Թ õ,4,2019.06.05,42144,9.90,( 910),445
391,į  ǹ                ,ģϰ ,5,2019.06.12,37336,9.88,( 881),452
392,Ÿּ!                ,1ȭ,1,2020.05.01,50750,9.09,( 238),248
393,Ÿּ!                ,2ȭ,2,2020.05.01,26388,9.03,( 200),188
394,Ÿּ!                ,3ȭ,3,2020.05.08,20180,9.12,( 209),178
395,Ÿּ!                ,4ȭ,4,2020.05.15,17491,9.18,( 200),168
396,Ÿּ!                ,5ȭ,5,2020.05.22,16825,8.99,( 191),154
397,ҳ                 ,1ȭ. н,1,2014.05.06,97353,9.78,( 2780),"1,982"
398,ҳ                 ,2ȭ  ,2,2014.05.13,55415,9.82,( 2528),"1,430"
399,ҳ                 ,3ȭ. ׷     ƿ.,3,2014.05.20,29552,9.84,( 2341),"1,294"
400,ҳ                 ,4ȭ.׷     ƿ.(),4,2014.06.03,17863,9.87,( 3300),"2,483"
401,ҳ                 ,5. ȭƮ  ź̻(),5,2014.06.25,14203,9.86,( 2511),"1,341"
402,ȫ 극                ,ѷα,1,2017.10.26,36954,9.86,( 548),122
403,ȫ 극                ,ӹ,2,2017.11.05,30064,9.88,( 460),92
404,ȫ 극                ,ູ  ֳ?,3,2017.11.14,26256,9.89,( 417),82
405,ȫ 극                ,Ŀ,4,2017.11.16,31316,9.93,( 583),97
406,ȫ 극                ,,5,2017.12.31,18774,9.91,( 196),51
407,ҳ                 ,1ȭ,1,2017.08.18,46020,9.59,( 340),112
408,ҳ                 ,2ȭ,2,2017.08.22,36965,9.54,( 298),103
409,ҳ                 ,3ȭ,3,2017.08.28,35382,9.66,( 264),94
410,ҳ                 ,4ȭ,4,2017.09.04,30975,9.67,( 247),88
411,ҳ                 ,5ȭ,5,2017.09.11,30713,9.57,( 235),82
412,ǽô                ,ѷα,1,2018.10.19,54729,9.40,( 205),104
413,ǽô                ,1ȭ,2,2018.10.26,53746,9.55,( 159),78
414,ǽô                ,2ȭ,3,2018.11.02,39853,9.57,( 132),54
415,ǽô                ,3ȭ,4,2018.11.08,27763,9.47,( 137),43
416,ǽô                ,4ȭ,5,2018.11.16,22460,9.54,( 119),38
417,                ,1ȭ Ʈ,1,2016.11.29,84054,9.59,( 215),112
418,                ,2ȭ Ʈ,2,2016.12.02,55223,9.72,( 167),86
419,                ,3ȭ Ʈ,3,2016.12.06,43830,9.91,( 195),89
420,                ,4ȭ Ʈ,4,2016.12.09,36072,9.74,( 207),76
421,                ,5ȸ Ʈ,5,2016.12.13,32807,9.73,( 133),48
422,׳ ŶƮ                ,1ȭ,1,2018.10.04,67912,9.81,( 345),161
423,׳ ŶƮ                ,2ȭ,2,2018.10.18,46760,9.86,( 293),118
424,׳ ŶƮ                ,3ȭ,3,2018.11.01,45082,9.89,( 247),102
425,׳ ŶƮ                ,Դϴ!,4,2018.11.15,30332,9.87,( 142),58
426,׳ ŶƮ                ,4ȭ,5,2018.11.29,30464,9.87,( 179),81
427, Դ                 ,Ŀ,1,2015.01.01,25861,9.80,( 509),295
428, Դ                 , ,2,2015.06.09,28862,9.50,( 199),141
429, Ļ                ,"鼳, ",1,2014.08.08,65447,9.82,( 2043),811
430, Ļ                ,MŲ,2,2014.08.15,35142,9.84,( 1961),650
431, Ļ                ,03 - ,3,2014.08.22,17411,9.84,( 1895),568
432, Ļ                ,04-  縮,4,2014.08.29,12515,9.89,( 2056),701
433, Ļ                ,ũİƼ feat.û,5,2014.09.05,11856,9.90,( 2204),771
434,                ,1.,1,2014.07.03,64566,9.83,( 4325),"1,959"
435,                ,2.  Ƶд,2,2014.07.10,36944,9.84,( 3742),"1,314"
436,                ,3.  м,3,2014.07.18,19123,9.84,( 3863),"1,269"
437,                ,4.  ھ,4,2014.07.25,14183,9.83,( 3766),"1,199"
438,                ,5. ,5,2014.08.01,8303,9.87,( 4050),"1,437"
439,̿ýô!                ,,1,2019.12.20,30640,9.80,( 311),201
440,̿ýô!                ,2,2,2020.02.25,22603,9.77,( 236),190
441,̿ýô!                ,3,3,2020.05.02,21439,9.85,( 370),266
442,鳲                ,,1,2017.08.17,22435,9.15,( 111),24
443,鳲                , .,2,2018.01.12,26600,9.55,( 101),37
444,κ                 ,-,1,2017.10.12,46401,9.82,( 266),93
445,κ                 ,-,2,2017.10.12,21811,9.86,( 234),75
446,κ                 ,-,3,2017.10.19,16993,9.88,( 222),80
447,κ                 ,-,4,2017.10.26,15714,9.87,( 214),74
448,κ                 ,-,5,2017.11.02,15699,9.91,( 219),67
449,ߵ                ,-,1,2019.01.01,61395,9.78,( 361),193
450,ߵ                ,-,2,2019.02.01,51131,9.76,( 344),170
451,ߵ                ,-,3,2019.02.11,34371,9.71,( 227),125
452,ߵ                ,-,4,2019.02.21,27372,9.76,( 221),126
453,ߵ                ,-,5,2019.03.01,23213,9.63,( 193),106
454,!ֿ                ,1ȭ,1,2014.11.15,58012,9.82,( 4911),"1,708"
455,!ֿ                ,2ȭ,2,2014.11.22,24027,9.85,( 4309),"1,302"
456,!ֿ                ,3ȭ,3,2014.11.29,14232,9.86,( 4113),"1,270"
457,!ֿ                ,4ȭ,4,2014.12.06,16156,9.88,( 4534),"1,454"
458,!ֿ                ,5ȭ,5,2014.12.16,20765,9.87,( 4225),"1,361"
459,203ȣ »                ,1. ָӴϿ,1,2013.02.18,72686,9.81,( 1201),429
460,203ȣ »                ,2. ,2,2013.02.27,44931,9.84,( 1015),364
461,203ȣ »                ,3.ڿ ,3,2014.02.22,29543,9.87,( 966),311
462,203ȣ »                ,4.߿ ߾,4,2014.03.01,25342,9.85,( 977),303
463,203ȣ »                ,5.ٱ   ư,5,2014.03.08,23171,9.89,( 1019),285
464,                ,1.,1,2011.01.20,151392,9.57,( 2144),264
465,                ,2.,2,2011.01.27,111023,9.56,( 2185),136
466,                ,3.,3,2011.02.03,77750,9.63,( 2067),55
467,                ,4.,4,2011.02.10,35566,9.70,( 2117),27
468,                ,5.,5,2011.02.17,20594,9.68,( 2217),16
469,帣 ٴó                ,1ȭ,1,2019.11.11,53705,9.55,( 405),374
470,帣 ٴó                ,2ȭ,2,2019.11.18,34977,9.65,( 320),293
471,帣 ٴó                ,3ȭ,3,2019.11.25,26695,9.64,( 303),291
472,帣 ٴó                ,4ȭ,4,2019.12.02,23660,9.71,( 256),255
473,帣 ٴó                ,  ,5,2019.12.05,20647,9.62,( 220),216
474,                ,1ȭ,1,2015.10.05,40311,9.87,( 242),77
475,                ,2ȭ,2,2015.10.11,26126,9.86,( 202),56
476,                ,3ȭ,3,2015.10.18,23821,9.85,( 213),68
477,                ,4ȭ,4,2015.10.26,21564,9.78,( 189),55
478,                ,5ȭ,5,2015.11.02,23979,9.82,( 248),79
479,׺ȣ ȣ                ,˸ϴ.,1,2013.03.05,22441,9.36,( 307),37
480,ũ                ,01,1,2018.12.05,72663,9.56,( 889),355
481,ũ                ,02,2,2018.12.11,52610,9.10,( 399),127
482,ũ                ,03,3,2018.12.25,16009,8.39,( 231),72
483,ũ                ,04,4,2019.01.03,13033,8.98,( 167),46
484,ũ                ,05,5,2019.01.14,12753,8.92,( 167),47
485,ο                ,,1,2011.12.28,44061,9.68,( 4916),115
486,ο                ,-,2,2013.06.28,36676,9.80,( 7614),200
487,ο                ,-,3,2013.07.05,18179,9.86,( 10215),76
488,ο                ,-,4,2013.07.12,12465,9.88,( 11421),42
489,ο                ,-,5,2013.07.19,9476,9.88,( 12483),34
490,ũ                ,1ȭ,1,2015.03.03,56806,9.77,( 627),217
491,ũ                ,2ȭ,2,2015.03.09,36821,9.86,( 592),194
492,ũ                ,3ȭ ,3,2015.03.16,24947,9.88,( 700),209
493,ũ                ,4ȭ ȸ,4,2015.03.23,9845,9.86,( 594),177
494,ũ                ,5ȭ ſ ȸ,5,2015.03.30,6391,9.89,( 533),145
495,ο                ,1ȭ,1,2017.04.12,35395,9.69,( 169),61
496,ο                ,2ȭ,2,2017.04.25,26137,9.71,( 154),59
497,ο                ,,3,2017.04.30,15964,9.65,( 110),33
498,ο                ,3ȭ,4,2017.05.11,19254,9.73,( 143),47
499,ο                ,-  -,5,2017.05.31,10393,9.82,( 51),16
500, ҳ! ǳȹ!                ,,1,2010.11.05,20846,9.73,( 532),69
501,ȣ                ,0ȭ - ѷα,1,2017.10.15,42842,8.67,( 126),35
502,ȣ                ,1ȭ - ,2,2017.10.22,38524,8.28,( 120),26
503,ȣ                ,2ȭ - ̻ ҳ,3,2017.10.29,18429,8.10,( 88),22
504,ȣ                ,3ȭ - ̹ 츮,4,2017.11.05,12728,8.57,( 88),19
505,ȣ                ,4ȭ - ,5,2017.11.12,12595,8.54,( 90),18
506,!ġ                ,1,1,2018.12.16,40939,8.32,( 142),51
507,!ġ                ,2,2,2018.12.26,26943,8.35,( 105),34
508,!ġ                ,3,3,2019.01.04,20001,8.52,( 93),20
509,!ġ                ,4,4,2019.01.16,16340,7.98,( 81),17
510,!ġ                ,5,5,2019.01.26,14271,8.29,( 80),17
511,ȭ                ,Ŀ Դϴ.,1,2020.03.31,19916,9.51,( 184),195
512, ʾƵ                 ,-   غ ,1,2017.06.09,21018,9.85,( 112),39
513, ʾƵ                 ,-   ӹ,2,2017.06.26,18126,9.76,( 152),37
514,̷ X                ,1ȭ. ̷ ɸ(1),1,2020.06.28,35650,8.89,( 194),161
515,̷ X                ,2ȭ. ̷ ɸ(2),2,2020.07.08,19936,9.45,( 150),133
516,̷ X                ,3ȭ. ̷ ɸ(3),3,2020.07.14,17431,9.43,( 142),128
517,̷ X                ,4ȭ. ϴ(1),4,2020.07.23,17484,9.52,( 151),137
518,̷ X                ,  ,5,2020.07.31,15585,9.57,( 134),118
519, ̿                 ,ȳϴ ̾߱,1,2011.03.22,19171,9.76,( 1934),116
520,                , ,1,2017.10.13,17964,9.62,( 96),19
521,                ,Ŀ ,2,2018.02.20,19605,9.68,( 114),22
522,Ʈ޸                ,1ȭ,1,2019.12.30,33926,9.74,( 313),248
523,Ʈ޸                ,2ȭ,2,2020.01.06,23240,9.82,( 250),221
524,Ʈ޸                ,3ȭ,3,2020.01.13,19702,9.77,( 238),190
525,Ʈ޸                ,4ȭ,4,2020.01.20,19143,9.74,( 223),195
526,Ʈ޸                , Ư,5,2020.01.27,16679,9.61,( 194),174
527,                ,2ȭ,1,2020.06.11,32685,9.71,( 234),147
528,                ,3ȭ,2,2020.06.25,25506,9.75,( 200),145
529,                ,4ȭ,3,2020.07.09,21233,9.80,( 186),117
530,                ,5ȭ,4,2020.07.23,19098,9.79,( 179),121
531,                ,6ȭ,5,2020.08.06,18260,9.79,( 215),143
532,Թ                 ,ѷα,1,2019.07.10,22097,9.82,( 306),200
533,Թ                 ,1ȭ < л>,2,2019.07.12,20719,9.93,( 283),165
534,Թ                 ,2ȭ <Թ ù ۹>,3,2019.07.16,16286,9.91,( 295),148
535,Թ                 ,3ȭ <Ե  ׷-1>,4,2019.07.23,12359,9.83,( 217),133
536,Թ                 ,4ȭ <Ե  ׷-2>,5,2019.07.30,13381,9.88,( 213),125
537,ܹ īþ                ,1ȭ,1,2018.06.02,32348,9.74,( 145),57
538,ܹ īþ                ,2ȭ,2,2018.06.12,19861,9.66,( 137),46
539,ܹ īþ                ,3ȭ,3,2018.06.22,15440,9.71,( 123),41
540,ܹ īþ                ,4ȭ,4,2018.07.13,15301,9.84,( 112),41
541,ܹ īþ                ,5ȭ,5,2018.07.31,17351,9.81,( 143),45
542,ƼǮ ٸ                ,,1,2014.05.14,49998,9.61,( 4989),"2,189"
543,ƼǮ ٸ                ,1ȭ,2,2014.05.20,46316,9.64,( 5817),"1,969"
544,ƼǮ ٸ                ,2ȭ,3,2014.05.27,28503,9.62,( 4571),"1,650"
545,ƼǮ ٸ                ,3ȭ,4,2014.06.04,16997,9.62,( 4875),"1,898"
546,ƼǮ ٸ                ,4ȭ,5,2014.06.11,8331,9.75,( 4613),"1,659"
547, ͸ӰŸ                ,00,1,2012.08.17,141697,9.86,( 3024),"1,309"
548, ͸ӰŸ                ,01,2,2014.02.18,90617,9.87,( 3182),"1,127"
549, ͸ӰŸ                ,02,3,2014.02.27,47353,9.88,( 3729),"1,484"
550, ͸ӰŸ                ,03,4,2014.03.05,18753,9.87,( 3277),"1,051"
551, ͸ӰŸ                ,04,5,2014.03.12,8269,9.90,( 3821),"1,334"
552,극Ŀ                ,00ȭ [ѷα],1,2012.12.20,60822,9.72,( 2899),155
553,극Ŀ                ,01ȭ,2,2012.12.27,73192,9.72,( 3034),187
554,극Ŀ                ,02ȭ,3,2013.01.03,48005,9.73,( 2783),56
555,극Ŀ                ,03ȭ,4,2013.01.10,28368,9.76,( 2722),53
556,극Ŀ                ,04ȭ,5,2013.01.17,21810,9.81,( 2915),40
557,̷  Ⱦ                ,ѷα,1,2010.10.29,90722,9.68,( 4056),390
558,̷  Ⱦ                ,1.ù ,2,2010.11.06,60194,9.65,( 3642),176
559,̷  Ⱦ                ,2. ΰ,3,2010.11.23,32516,9.63,( 3387),95
560,̷  Ⱦ                ,3.ȴٸ ¿ǵ? ̷̴ϴ,4,2010.12.04,15676,9.66,( 3618),73
561,̷  Ⱦ                ,4.  ֱ   Ű,5,2010.12.11,10397,9.66,( 3337),73
562,<ݿ츮б>                ,1ȭ <ó..>,1,2008.10.29,103176,9.58,( 848),185
563,<ݿ츮б>                ,2ȭ <1.. ׸ ҹ>,2,2008.10.29,61950,9.64,( 511),127
564,<ݿ츮б>                ,3ȭ <2 湮>,3,2008.10.29,30903,9.71,( 426),32
565,<ݿ츮б>                ,4ȭ <׳ >,4,2008.10.30,18275,9.62,( 413),20
566,<ݿ츮б>                ,5ȭ <׳ Ȳó>,5,2008.10.30,12730,9.57,( 424),15
567,ȣ                ,1ȭ 걺(ߣ).  ,1,2014.07.16,78790,9.85,( 2227),822
568,ȣ                ,2ȭ  âȣ() ,2,2014.07.23,44273,9.86,( 1615),503
569,ȣ                ,3ȭ ġ ҳ,3,2014.07.30,26050,9.84,( 1173),336
570,ȣ                ,4ȭ Ŀ г(1),4,2014.08.06,14750,9.85,( 979),272
571,ȣ                ,4ȭ Ŀ г(2),5,2014.08.06,8875,9.86,( 1124),294
572,                ,ѷα,1,2019.05.05,28558,9.53,( 248),110
573,                ,1ȭ,2,2019.05.12,24259,9.66,( 190),81
574,                ,2ȭ,3,2019.05.19,16414,9.54,( 155),70
575,                ,3ȭ,4,2019.05.27,15454,8.52,( 149),60
576,                ,4ȭ,5,2019.06.02,12932,9.61,( 117),52
577,58                ,帳ϴ.,1,2018.09.02,14418,9.45,( 65),11
578,58                ,帳ϴ.,2,2018.09.07,10477,8.94,( 34),3
579,58                ,帳ϴ.,3,2018.10.22,10241,9.69,( 55),14
580,58                ,Ŀ,4,2018.11.14,18831,9.69,( 87),13
581,Ĵ                 ,#1,1,2018.11.22,22465,9.78,( 166),68
582,Ĵ                 ,#2,2,2018.11.29,17478,9.78,( 129),50
583,Ĵ                 ,#3,3,2018.12.06,15842,9.76,( 119),49
584,Ĵ                 ,#4,4,2018.12.13,14584,9.93,( 128),50
585,Ĵ                 ,#5. ũ D-5,5,2018.12.20,14369,9.85,( 121),42
586, ũ                ,01. ȳϼ ̿Դϴ,1,2014.10.01,39268,9.84,( 1486),488
587, ũ                ,02. ,2,2014.10.08,22193,9.83,( 1508),389
588, ũ                ,03.  ,3,2014.10.15,13132,9.85,( 1367),352
589, ũ                ,04. ħ,4,2014.10.22,8764,9.85,( 1353),336
590, ũ                ,05. ,5,2014.10.29,6808,9.84,( 1334),330
591,߿                 ,,1,2010.08.06,12605,9.57,( 1080),42
592,п                ,,1,2019.06.19,11945,9.00,( 108),62
593,п                ,Ŀ,2,2019.09.09,9886,8.54,( 117),51
594,̰̰                ,ѷα,1,2019.04.25,21084,8.74,( 150),53
595,̰̰                ,1ȭ,2,2019.04.26,18561,7.85,( 96),29
596,̰̰                ,2ȭ,3,2019.05.03,9397,7.86,( 80),20
597,̰̰                ,3ȭ,4,2019.05.11,5026,8.16,( 74),20
598,̰̰                ,4ȭ,5,2019.05.17,3686,7.85,( 67),16
599,õⱸȣ                ,ѷα,1,2011.04.26,25568,9.59,( 2581),112
600,õⱸȣ                ,1ȭ ͽŻ,2,2011.05.03,24354,9.75,( 3886),81
601,õⱸȣ                ,2ȭ ,3,2011.05.10,14348,9.75,( 3550),45
602,õⱸȣ                ,3ȭ - ȸ(1),4,2011.05.17,8389,9.72,( 3017),30
603,õⱸȣ                ,4ȭ-ȸ(2),5,2011.05.31,4862,9.78,( 2843),24
604,Ʈ(knight run) ȭ ũ                ,Ʈ(knight) 1ȭ '⿡ ƿ.',1,2008.10.28,38916,9.73,( 1708),139
605,Ʈ(knight run) ȭ ũ                ,Ʈ 2ȭ 'ϰ',2,2008.10.28,15834,9.70,( 1600),103
606,Ʈ(knight run) ȭ ũ                ,Ʈ 3ȭ '',3,2008.10.28,12236,9.74,( 1510),78
607,Ʈ(knight run) ȭ ũ                ,Ʈ 4ȭ 'Ű  ȥ ö Ŀ',4,2008.10.28,11379,9.76,( 1469),82
608,Ʈ(knight run) ȭ ũ                ,Ʈ 5ȭ 'ҵ',5,2008.10.29,12755,9.81,( 1719),107
609,ж罺                ,00 - Ź,1,2018.10.30,17116,9.56,( 81),35
610,ж罺                ,,2,2018.10.30,11668,9.53,( 62),16
611,ж罺                ,,3,2018.11.06,6984,9.65,( 60),13
612,ж罺                ,,4,2018.11.13,6053,9.32,( 53),13
613,ж罺                ,,5,2018.11.20,6585,9.19,( 47),13
614,ϳ(Ϸ)                ,,1,2019.06.17,9316,9.73,( 67),38
615,ϳ(Ϸ)                ,Ŀ ,2,2019.09.17,10439,9.53,( 96),65
616,Ʈ                ,Prologue,1,2012.09.21,14481,9.87,( 9675),50
617,Ʈ                ,Ḯ ̾ Intro,2,2012.09.28,8916,9.87,( 8953),26
618,Ʈ                ,Ḯ ̾ 01,3,2012.10.06,5255,9.87,( 8157),21
619,Ʈ                ,Ḯ ̾ 02,4,2012.10.19,3831,9.88,( 6807),16
620,Ʈ                ,Ḯ ̾ 03,5,2012.11.02,3930,9.85,( 5951),14
621,Ưȭ縳 --                ,-2ȭ- ȯλ Ǽ ؿ,1,2011.04.15,24425,9.82,( 1724),35
622,Ưȭ縳 --                ,-3ȭ-  ,2,2011.04.20,16739,9.76,( 1488),34
623,Ưȭ縳 --                ,-5ȭ-  ¡,3,2011.05.05,9777,9.86,( 1887),7
624,Ưȭ縳 --                ,-6ȭ-  Ŀ,4,2011.05.15,6767,9.86,( 1309),8
625,Ưȭ縳 --                ,-7ȭ- ̽ ,5,2011.06.04,7038,9.84,( 1497),6
626,÷̾                ,01. NU_ȭ__ҸӴ,1,2017.12.05,40331,9.87,( 563),111
627,÷̾                ,02. ī_,2,2017.12.12,21283,9.84,( 408),85
628,÷̾                ,03. ȳ___,3,2017.12.19,16188,9.86,( 356),68
629,÷̾                ,04. __ູ_ٵ,4,2017.12.26,16177,9.74,( 326),60
630,÷̾                ,05. ___Ͻø,5,2018.01.02,14463,9.88,( 315),50
631,()                , ù° ̾߱ -  ī信 ,1,2011.03.22,18503,9.76,( 2672),34
632,()                , ι° ̾߱ -  ī信 ,2,2011.03.28,7381,9.73,( 2614),30
633,()                , ° ̾߱ -  ī信 ,3,2011.04.04,4230,9.72,( 2195),13
634,()                , ׹° ̾߱ -  ī信 ,4,2011.05.20,3514,9.79,( 2445),13
635,()                ,  ̾߱ -  ī信 ,5,2011.05.28,4658,9.80,( 2534),9
636, 8                ,ѷα_  л,1,2013.07.19,18344,9.66,( 2038),33
637, 8                ,01ȭ_ ݰ ģ,2,2013.07.26,14597,9.71,( 2307),27
638, 8                ,02ȭ_  ?!,3,2013.08.02,8271,9.75,( 2305),16
639, 8                ,"03ȭ_ ȳ, л",4,2013.08.09,4987,9.81,( 2866),10
640, 8                ,04ȭ_   Ƴ,5,2013.08.14,3590,9.77,( 2782),7
641,Penguin loves Mev                ,˼մϴ...,1,2010.05.03,8910,9.05,( 1757),44
642,浵                ,,1,2017.09.02,8193,8.92,( 90),22
643,                ,ѷα,1,2014.05.22,20961,9.81,( 558),181
644,                ,1ȭ - ,2,2014.07.01,25548,9.86,( 523),173
645,                ,2ȭ -ġ,3,2014.07.09,12908,9.78,( 450),116
646,                ,3ȭ -ϸȴ!,4,2014.07.17,5348,9.87,( 461),114
647,                ,4ȭ - ֻ,5,2014.07.24,2915,9.84,( 415),96
648,¼ַμ                ,1. heart in a cage - 1,1,2013.10.13,20650,9.70,( 3904),360
649,¼ַμ                ,2. heart in a cage - 2,2,2013.10.20,11125,9.72,( 3464),338
650,¼ַμ                ,3. heart in a cage - 3,3,2013.10.27,5968,9.78,( 3408),223
651,¼ַμ                ,4. heart in a cage - 4,4,2013.10.30,4164,9.77,( 3286),186
652,¼ַμ                ,5. heart in a cage - 5,5,2013.11.17,3312,9.73,( 3560),198
653,(lessa)                ,--,1,2011.08.02,27793,9.63,( 2070),179
654,(lessa)                ,1. DEMAN,2,2011.08.04,30971,9.63,( 2179),98
655,(lessa)                ,2. ΰ ƴ ,3,2011.08.11,20967,9.73,( 2736),54
656,(lessa)                ,3. ,4,2011.08.18,12595,9.76,( 2870),28
657,(lessa)                ,4. ҳ ׸ ҳ,5,2011.08.25,6558,9.75,( 2911),19
658,ǳл                ,-1-,1,2009.09.02,40958,9.63,( 1622),58
659,ǳл                ,-2-,2,2009.09.09,32283,9.66,( 1418),33
660,ǳл                ,- 3 -,3,2009.09.16,18305,9.69,( 1483),16
661,ǳл                ,- 4 -,4,2009.09.23,9434,9.70,( 1343),13
662,ǳл                ,- 5 -,5,2009.09.30,5710,9.65,( 1348),6
663, ö                ,--,1,2009.03.04,22301,9.58,( 735),27
664, ö                , ϴ ,2,2009.03.04,12782,9.62,( 609),18
665, ö                ,巡,3,2009.03.12,6176,9.68,( 648),8
666, ö                ,ձ ( ..),4,2009.03.16,3379,9.68,( 646),10
667, ö                ,̱ ,5,2009.03.21,3454,9.61,( 601),4
668,ڤ                ,ѷα,1,2010.04.15,21905,9.39,( 257),47
669,ڤ                ,1ȭ,2,2010.04.15,19070,9.63,( 197),18
670,ڤ                ,2ȭ,3,2010.04.15,13087,9.54,( 175),8
671,ڤ                ,3ȭ,4,2010.04.15,7462,9.59,( 153),3
672,ڤ                ,4ȭ,5,2010.04.15,4350,9.20,( 146),0
673,̺ȭ ϼ                ,,1,2014.12.31,5999,9.34,( 132),49
674,Ÿ                ,ѷα,1,2011.03.30,12628,9.44,( 354),35
675,Ÿ                ,01ȭ ȳ! ,2,2011.03.30,9588,9.32,( 406),31
676,Ÿ                ,02ȭ  پ,3,2011.04.06,6005,9.46,( 383),15
677,Ÿ                ,03ȭ Time in Chosun,4,2011.04.13,4034,9.44,( 356),13
678,Ÿ                ,04ȭ ָ (),5,2011.04.20,3218,9.50,( 437),14
679,                ,,1,2013.09.17,5690,9.81,( 754),29
680,                ,1ȭ- ,1,2012.04.12,21309,9.61,( 2305),35
681,                ,2ȭ-() ̵,2,2012.04.20,11250,9.71,( 2087),20
682,                ,3ȭ-,3,2012.04.30,5103,9.85,( 3247),6
683,                ,4ȭ  ,4,2012.05.11,3064,9.84,( 3581),1
684,                ,5ȭ (ح),5,2012.05.20,2348,9.85,( 2706),2
685,ŷ                ,,1,2012.04.07,15948,9.72,( 3358),37
686,ŷ                ,1 ̶ Ҹ ,2,2012.04.14,9174,9.70,( 2966),23
687,ŷ                ,2  ǹ,3,2012.04.21,4102,9.75,( 2839),15
688,ŷ                ,3  ,4,2012.04.28,2582,9.80,( 3024),14
689,ŷ                ,4   ,5,2012.05.05,1921,9.77,( 2603),13
690,Ʈ м                ,1,1,2012.09.28,7107,9.80,( 2494),11
691,Ʈ м                ,2,2,2012.10.05,2552,9.83,( 2149),8
692,Ʈ м                ,3,3,2012.10.12,1711,9.85,( 2226),6
693,Ʈ м                ,4,4,2012.10.21,2039,9.86,( 2927),7
694,Ʈ м                ,5,5,2012.10.28,3600,9.89,( 3161),5
695,  ȭ                ,ū,1,2012.10.11,27560,9.81,( 7188),83
696,  ȭ                ,¦ ,2,2012.10.12,13340,9.85,( 6486),86
697,  ȭ                ,,3,2012.10.12,7626,9.86,( 6168),20
698,  ȭ                ,,4,2012.10.12,4466,9.88,( 6375),10
699,  ȭ                ,,5,2012.10.19,3072,9.89,( 6684),16
700,׳ !                ,ѹ,1,2012.02.14,11234,9.70,( 1340),23
701,׳ !                ,ι,2,2012.02.20,5983,9.77,( 1072),9
702,׳ !                ,,3,2012.02.29,3480,9.83,( 1087),7
703,׳ !                ,׹,4,2012.03.14,2513,9.82,( 954),6
704,׳ !                ,ټ,5,2012.03.28,2413,9.84,( 952),4
705,Ʈ(Trump)                ,Prologue,1,2011.06.24,25607,9.72,( 6486),57
706,Ʈ(Trump)                ,Episode1-01,2,2011.07.01,15839,9.73,( 6427),24
707,Ʈ(Trump)                ,Episode1-02,3,2011.07.08,7431,9.71,( 5878),14
708,Ʈ(Trump)                ,Episode1-03,4,2011.07.15,2888,9.73,( 5847),10
709,Ʈ(Trump)                ,Episode1-04,5,2011.07.22,1669,9.77,( 6064),8
710,DEAD DAYS                ,--,1,2014.02.10,5992,9.67,( 1315),652
711,DEAD DAYS                ,Intro,2,2014.03.09,4389,9.74,( 1593),631
712,DEAD DAYS                ,Prologue,3,2014.03.16,2285,9.77,( 1732),573
713,DEAD DAYS                ,01,4,2014.03.22,3315,9.74,( 1594),568
714,DEAD DAYS                ,02,5,2014.03.29,1691,9.86,( 3142),"1,468"
715,ο ڰ                ,ȳϼ ڿ,1,2012.01.01,14985,9.68,( 1019),53
716,ο ڰ                ,ʾ,2,2012.01.09,9880,9.69,( 925),34
717,ο ڰ                ,..??,3,2012.01.15,5637,9.66,( 864),13
718,ο ڰ                ,¼ٺ,4,2012.01.22,2316,9.72,( 897),14
719,ο ڰ                ,ӿ,5,2012.01.29,1163,9.69,( 925),9
720,                , (),1,2009.01.21,3802,8.79,( 149),2
721,ƺ ãϴ.                ,ġ,1,2012.04.11,18327,9.65,( 2306),34
722,ƺ ãϴ.                ,2ȭԴϴ.,2,2012.04.17,8628,9.71,( 2193),19
723,ƺ ãϴ.                ,3ȭԴϴ~,3,2012.04.20,3601,9.74,( 2342),6
724,ƺ ãϴ.                ,հ ּ~,4,2012.04.27,2305,9.77,( 2161),7
725,ƺ ãϴ.                ,5ȭԴϴ~,5,2012.05.04,1560,9.78,( 2194),4
726,ȭ                ,ȭ1.Ϸ,1,2008.12.10,9172,9.71,( 1714),51
727,ȭ                ,ȭ02.ο ,2,2008.12.10,6014,9.72,( 1305),63
728,ȭ                ,ȭ 03.ϰƱ⿰,3,2008.12.10,5079,9.61,( 1020),45
729,ȭ                ,ȭ04.Ź ӱݴ,4,2008.12.11,5154,9.55,( 979),40
730,ȭ                ,ȭũSP. ,5,2008.12.16,3845,9.76,( 1821),38
731, ڴ                ,1ȭ 35 ڹ ?,1,2012.10.26,8386,9.67,( 709),14
732, ڴ                ,2ȭ ʵ ߰,2,2012.11.02,3880,9.71,( 698),13
733, ڴ                ,3ȭ ų ,3,2012.11.08,1960,9.79,( 646),11
734, ڴ                ,4ȭ ûҳ Ȱ,4,2012.11.15,1457,9.74,( 603),7
735, ڴ                ,5ȭ ο ,5,2012.11.23,1547,9.71,( 570),4
736,ũ۽ŧ(Crepuscule)                ,ũ۽ŧ ,1,2009.11.24,13011,9.50,( 2513),50
737,ũ۽ŧ(Crepuscule)                ,ũ۽ŧ 1ȭ,2,2009.12.19,10395,9.67,( 3482),29
738,ũ۽ŧ(Crepuscule)                ,ũ۽ŧ 2ȭ,3,2009.12.30,5552,9.68,( 3258),18
739,ũ۽ŧ(Crepuscule)                ,ũ۽ŧ 3ȭ,4,2010.01.07,2896,9.68,( 3268),11
740,ũ۽ŧ(Crepuscule)                ,ũ۽ŧ 4ȭ,5,2010.01.15,3021,9.69,( 3360),12
741, ̸                ,é 1 Ӹ  Ʈ 1ȭ,1,2012.07.12,19831,9.78,( 4313),41
742, ̸                ,é 1 Ӹ  Ʈ 2ȭ,2,2012.07.20,13367,9.82,( 3824),35
743, ̸                ,é 1 Ӹ  Ʈ 3ȭ,3,2012.07.27,9026,9.83,( 3576),9
744, ̸                ,é 1 Ӹ  Ʈ 4ȭ,4,2012.08.12,6209,9.83,( 3358),9
745, ̸                ,é 1 Ӹ  Ʈ 5ȭ,5,2012.08.17,4652,9.84,( 3359),7
746,̵                  , ,1,2011.10.20,12112,9.69,( 3882),24
747,̵                  ," ,÷",2,2011.10.26,4416,9.71,( 3819),17
748,̵                  ,  ,3,2011.11.02,2339,9.62,( 2726),15
749,̵                  ," , ,ż ׸",4,2011.11.08,1828,9.71,( 3593),8
750,̵                  ,ٸ ,5,2011.11.10,1271,9.74,( 3796),9
751,                   ,1ȭ,1,2010.09.21,16763,9.49,( 803),28
752,                   ,2ȭ,2,2010.09.23,9304,9.60,( 707),31
753,                   ,3ȭ,3,2010.09.24,6195,9.67,( 705),14
754,                   ,4ȭ,4,2010.09.25,4633,9.62,( 674),6
755,                   ,5ȭ,5,2010.09.27,3764,9.63,( 672),8
756,¡нƮ                ,,1,2011.05.04,4762,9.54,( 369),8
757,¡нƮ                ,ĳ  01 α,2,2011.05.06,5245,9.42,( 452),14
758,¡нƮ                ,1ȭ,3,2011.05.12,6388,9.51,( 534),2
759,¡нƮ                ,2ȭ,4,2011.05.20,4370,9.63,( 460),2
760,¡нƮ                ,ĳ  02 ֱ,5,2011.05.27,2730,9.50,( 286),0
761,Natural Born Idiots                ,EP_1,1,2012.02.03,9568,9.74,( 2792),14
762,Natural Born Idiots                ,EP_2,2,2012.02.10,2441,9.75,( 2588),6
763,Natural Born Idiots                ,EP_3,3,2012.02.17,973,9.75,( 2553),3
764,Natural Born Idiots                ,EP_4,4,2012.02.24,642,9.75,( 2680),1
765,Natural Born Idiots                ,EP_5,5,2012.03.02,941,9.77,( 2581),0
766,                 ,ų (1),1,2013.06.01,8417,9.73,( 1423),12
767,                 ,ų (2),2,2013.06.08,3486,9.84,( 1046),2
768,                 , (1),3,2013.06.15,1938,9.84,( 827),3
769,                 , (2),4,2013.06.22,1279,9.85,( 851),2
770,                 , (3),5,2013.06.29,1070,9.87,( 1068),2
771,Ǵٵ                ,[2day] Ǵٵ  1ȭ - Ż,1,2007.01.09,13909,9.57,( 233),52
772,Ǵٵ                ,[2day] Ǵٵ  2ȭ - Ѽ ,2,2007.01.09,8454,9.51,( 183),39
773,Ǵٵ                ,[2day] Ǵٵ  3ȭ - ƹų,3,2007.01.10,6873,9.36,( 177),32
774,Ǵٵ                ,[2day] Ǵٵ  4ȭ - ɸ ϸ,4,2007.01.10,6256,9.40,( 172),31
775,Ǵٵ                ,[2day] Ǵٵ  5ȭ - ߵѱ,5,2007.01.11,5655,9.46,( 164),24
776,Ż(TAL)                ,Ż(TAL) [1],1,2009.04.23,16076,9.67,( 3535),28
777,Ż(TAL)                ,Ż(TAL) [2],2,2009.04.29,8715,9.65,( 3494),33
778,Ż(TAL)                ,Ż(TAL) [3],3,2009.05.06,4462,9.66,( 3051),10
779,Ż(TAL)                ,Ż(TAL) [4],4,2009.05.11,2562,9.70,( 3191),10
780,Ż(TAL)                ,Ż(TAL) [5],5,2009.05.23,1676,9.73,( 3162),9
781,ٿ(츮 ٶ 츮)                ,#1,1,2014.09.20,14253,9.87,( 1954),495
782,ٿ(츮 ٶ 츮)                ,#2,2,2014.09.21,9304,9.87,( 1762),434
783,ٿ(츮 ٶ 츮)                ,#3,3,2014.09.22,5930,9.86,( 1534),304
784,ٿ(츮 ٶ 츮)                ,#4,4,2014.09.24,4430,9.88,( 1859),503
785,ٿ(츮 ٶ 츮)                ,#5,5,2014.09.26,3786,9.91,( 2230),512
786,ɽ                 ,-1- ¼ ,1,2011.04.30,11955,9.61,( 1437),40
787,ɽ                 ,-2-  ,2,2011.04.30,7568,9.62,( 1362),12
788,ɽ                 ,-3- ݶ,3,2011.05.01,3847,9.60,( 1271),5
789,ɽ                 ,-4-   Ա,4,2011.05.02,2314,9.63,( 1250),4
790,ɽ                 ,-5- ġȹ,5,2011.05.02,1767,9.66,( 1243),4
791,ƽ                ,01 彺Ÿ (1),1,2009.09.09,5367,9.53,( 262),6
792,ƽ                ,01 彺Ÿ (2),2,2009.09.16,2739,9.31,( 262),2
793,ƽ                ,01 彺Ÿ (3),3,2009.09.23,1479,9.58,( 234),2
794,ƽ                ,01 彺Ÿ (4),4,2009.09.30,814,9.51,( 265),1
795,ƽ                ,01 彺Ÿ (5),5,2009.10.07,528,9.61,( 231),1
796,9                ,ѷα,1,2012.03.10,5817,9.73,( 696),6
797,9                ,1ȭ 6 մ,2,2012.03.16,5763,9.76,( 646),6
798,9                ,2ȭ ټ ,3,2012.03.21,2682,9.82,( 600),0
799,9                ,3ȭ ¡,4,2012.03.24,772,9.83,( 592),0
800,9                ,4ȭ ¡-2,5,2012.03.29,364,9.83,( 569),1
801,̵ ̴                ,,1,2013.01.09,6466,9.81,( 1178),11
802,̵ ̴                ,2ȭ,2,2013.01.17,3191,9.81,( 1164),3
803,̵ ̴                ,3ȭ,3,2013.01.26,1528,9.85,( 1201),2
804,̵ ̴                ,4ȭ,4,2013.02.02,761,9.84,( 1115),1
805,̵ ̴                ,5ȭ,5,2013.02.17,518,9.82,( 1074),1
806,                ,THE ΰ KILLER ,1,2012.06.01,3736,9.50,( 721),3
807,                , ˶,2,2012.06.08,1673,9.54,( 602),2
808,                ,ÿ ⸦,3,2012.06.15,1305,9.50,( 569),1
809,                ,ÿ ⸦2,4,2012.06.29,647,9.68,( 768),0
810,                , ΰ Ű,5,2012.07.08,448,9.61,( 655),2
811,ٶ ӹ                 ,ѷα,1,2011.01.19,5690,9.62,( 2257),29
812,ٶ ӹ                 ,[1ȭ]   1,2,2011.01.22,5101,9.65,( 2463),17
813,ٶ ӹ                 ,[2ȭ]   2,3,2011.01.29,2905,9.68,( 2520),6
814,ٶ ӹ                 ,[3ȭ]   3,4,2011.02.04,1655,9.75,( 2612),4
815,ٶ ӹ                 ,[4ȭ]   4,5,2011.02.12,671,9.72,( 2239),4
816,丶                ,001. 2г 7   2,1,2010.04.05,4912,9.63,( 1191),16
817,丶                ,002.   ° ƴϾ?,2,2010.04.07,2364,9.68,( 1232),4
818,丶                ,003. ׷ ִ  ,3,2010.04.12,944,9.63,( 1072),2
819,丶                ,004. ϷϷ簡 ̾Ƽ ϱ,4,2010.04.15,4728,9.66,( 915),1
820,丶                ,005.  ǰ ¿,5,2010.04.22,504,9.65,( 906),1
821,絵                ,,1,2011.10.21,3899,9.77,( 554),7
822,絵                ,  ʾҴ.,2,2011.10.28,2605,9.76,( 409),2
823,絵                ,Ż,3,2011.11.04,1467,9.75,( 403),3
824,絵                ,  ڷ Ѿ ڰ!,4,2011.11.12,908,9.78,( 412),1
825,絵                ,",׼!",5,2011.11.21,872,9.77,( 473),0
826,AiMer[̸]                ,,1,2011.03.30,4295,9.59,( 645),12
827,AiMer[̸]                ,1ȭ 쿬,2,2011.04.01,3625,9.60,( 722),8
828,AiMer[̸]                ,2ȭ 쿬(2),3,2011.04.08,2081,9.58,( 707),4
829,AiMer[̸]                ,3ȭ 쿬(3),4,2011.04.15,1431,9.55,( 641),2
830,AiMer[̸]                ,4ȭ 쿬(4),5,2011.04.22,955,9.61,( 719),2
831, Ǫ                 ,ѷα,1,2012.07.02,6007,9.79,( 5881),51
832, Ǫ                 ,1ȭ,2,2012.07.09,4209,9.81,( 6067),31
833, Ǫ                 ,2ȭ,3,2012.07.16,1841,9.81,( 5206),15
834, Ǫ                 ,3ȭ,4,2012.07.22,865,9.82,( 4937),8
835, Ǫ                 ,4ȭ,5,2012.07.30,533,9.84,( 4816),7
836,ƴ» ̾߱                ,01 25 ,1,2011.07.03,6026,9.64,( 1643),24
837,ƴ» ̾߱                ,02    ,2,2011.07.07,3171,9.63,( 1516),10
838,ƴ» ̾߱                ,03 󸶿 ,3,2011.08.16,1853,9.65,( 1458),3
839,ƴ» ̾߱                ,04 ڵ µ,4,2011.08.21,1028,9.66,( 1435),5
840,ƴ» ̾߱                ,ιҰ1,5,2011.08.24,1425,9.61,( 1272),4
841,Ϻ귯                ,2009 5 ޷ (Ϻ귯 ),1,2009.05.01,917,9.18,( 312),4
842,Ϻ귯                ,׵..,2,2010.03.29,1347,9.53,( 385),4
843,                , -1ȭ-,1,2008.12.19,7090,9.57,( 409),11
844,                , -2ȭ-,2,2008.12.26,3519,9.59,( 380),7
845,                , -3ȭ-,3,2009.01.02,1718,9.63,( 428),3
846,                , -4ȭ-,4,2009.01.09,809,9.68,( 401),4
847,                , -5ȭ-,5,2009.01.16,508,9.63,( 431),2
848,׸                ,ѷα,1,2009.05.29,1014,9.64,( 446),8
849,׸                ,ϱ ,2,2009.05.30,883,9.76,( 719),6
850,׸                , ,3,2009.06.09,1336,9.66,( 689),6
851,ģG (̼ģG)                ,1,1,2011.05.01,4211,9.68,( 1607),8
852,ģG (̼ģG)                ,2,2,2011.05.08,1725,9.77,( 1872),8
853,ģG (̼ģG)                ,3,3,2011.05.15,849,9.72,( 1565),3
854,ģG (̼ģG)                ,4,4,2011.05.22,474,9.79,( 1765),0
855,ģG (̼ģG)                ,5,5,2011.05.29,344,9.83,( 1926),1
856, Է                 ,0,1,2013.05.11,2397,9.77,( 1553),12
857, Է                 ,1-ҳ&ҳ,2,2013.05.12,1928,9.77,( 1769),12
858, Է                 ,2,3,2013.05.20,800,9.79,( 1765),6
859, Է                 ,3,4,2013.05.27,409,9.82,( 1942),3
860, Է                 ,4,5,2013.06.03,370,9.84,( 1717),3
861,Ư ɷ                 ,,1,2009.11.16,1899,9.55,( 1819),8
862,Ư ɷ                 ,ĵ(1),2,2009.12.17,1530,9.69,( 2204),9
863,Ư ɷ                 ,ĵ(2),3,2009.12.25,931,9.68,( 2149),5
864,Ư ɷ                 ,ĵ(3),4,2010.01.01,548,9.64,( 1905),4
865,Ư ɷ                 ,ĵ(4),5,2010.01.08,422,9.68,( 2122),1
866,ҳ[Limit]                ,ѷα,1,2010.09.09,1607,9.48,( 854),3
867,ҳ[Limit]                ,1ȭ - ʿ(1),2,2010.09.16,1149,9.45,( 1021),1
868,ҳ[Limit]                ,2ȭ - ʿ(2),3,2010.09.30,443,9.48,( 793),1
869,ҳ[Limit]                ,3ȭ - ʿ(3),4,2010.10.07,237,9.52,( 690),1
870,ҳ[Limit]                ,4ȭ - ʿ(4),5,2010.10.14,227,9.50,( 738),1
871,ý ȭ                ,ý ȭ,1,2011.06.12,7240,9.71,( 1537),12
872,ý ȭ                ,ȭ .,2,2011.06.20,4018,9.68,( 1469),5
873,ý ȭ                ,̵ ڻ,3,2011.07.04,2227,9.69,( 1401),2
874,ý ȭ                , ù  1.,4,2011.07.29,1441,9.74,( 1449),3
875,ý ȭ                , ù  2.,5,2011.08.19,774,9.74,( 1454),1
876,ī                ,ѷα,1,2011.05.02,2750,9.58,( 1901),16
877,ī                ,1ȭ <ep01- ̻ 1>,2,2011.05.08,2212,9.77,( 3364),6
878,ī                ,2ȭ <ep01- ̻ 2>,3,2011.05.15,1080,9.77,( 3037),5
879,ī                ,3ȭ <ep01-̻ 3>,4,2011.05.22,556,9.72,( 2540),4
880,ī                ,4ȭ <ep02-ʴ  մ1>,5,2011.05.29,416,9.73,( 2455),4
881,ҳ  ϰ                 ,.,1,2009.08.30,6947,9.82,( 5064),103
882,ҳ  ϰ                 ,.,2,2009.08.30,2466,9.84,( 4891),90
883,ҳ  ϰ                 ,.,3,2009.08.30,1237,9.84,( 4753),21
884,ҳ  ϰ                 ,.,4,2009.08.30,914,9.83,( 4625),10
885,ҳ  ϰ                 ,.,5,2010.02.03,416,9.85,( 4951),6
886,۸                ,ѷα,1,2013.08.03,4661,9.73,( 266),37
887,۸                ,1ȭ,2,2013.08.10,3925,9.77,( 299),35
888,۸                ,2ȭ,3,2013.08.17,1508,9.76,( 306),31
889,۸                ,3ȭ,4,2013.08.24,420,9.86,( 313),33
890,۸                ,4ȭ,5,2013.08.31,177,9.87,( 347),31
891,ƴ ɷ!                ,- 1ȭ- ϱؼ ̾߱,1,2011.06.23,5121,9.72,( 1773),18
892,ƴ ɷ!                ,- 2ȭ-   ,2,2011.06.26,2270,9.73,( 1809),9
893,ƴ ɷ!                ,- 3ȭ- ΰ ޲ٴ  ɷ,3,2011.07.19,1147,9.74,( 1645),7
894,ƴ ɷ!                ,- 4ȭ- ǳ̴ ߽ϴ.,4,2011.07.26,779,9.73,( 1633),7
895,ƴ ɷ!                ,- 5ȭ- ɷ  .,5,2011.08.02,620,9.76,( 1622),5
896,ð                 ,ѷα,1,2010.03.04,1879,9.44,( 401),10
897,ð                 ,1ȭ - ,2,2010.03.11,1311,9.58,( 459),4
898,ð                 ,2ȭ - ,3,2010.03.18,957,9.65,( 458),5
899,ð                 ,3ȭ - ߰,4,2010.03.25,707,9.66,( 368),4
900,ð                 ,4ȭ - ư ,5,2010.04.01,584,9.69,( 355),2
901,NoNameD                ,1 ȭ - ͳ,1,2011.07.11,2015,9.64,( 1868),3
902,NoNameD                ,2 ȭ - The Door,2,2011.07.18,799,9.67,( 1794),4
903,NoNameD                ,3 ȭ - ,3,2011.07.25,403,9.67,( 1674),0
904,NoNameD                ,4 ȭ - transfer,4,2011.08.08,322,9.66,( 1618),0
905,NoNameD                ,5ȭ - monochromat,5,2011.08.15,467,9.62,( 1615),0
906,̽ ̳巹                ,̳̽巹 1ȭ,1,2009.07.07,4434,9.39,( 153),5
907,̽ ̳巹                ,̳̽巹 2ȭ,2,2009.07.14,1814,9.40,( 121),4
908,̽ ̳巹                ,̳̽巹 3ȭ,3,2009.07.15,635,9.53,( 133),2
909,̽ ̳巹                ,̳̽巹 4ȭ,4,2009.07.22,347,9.71,( 125),0
910,̽ ̳巹                ,̳̽巹 5ȭ,5,2009.07.29,255,9.57,( 126),0
911,û                ,1.   ϱ (1),1,2010.03.25,3714,9.65,( 1000),7
912,û                ,2.   ϱ (2),2,2010.04.02,1684,9.64,( 541),7
913,û                ,3. б   İ,3,2010.04.17,716,9.64,( 527),1
914,û                ,4. ⰣԴϴ.,4,2010.04.24,374,9.72,( 495),0
915,û                ,5.  Ǵ  ,5,2010.05.01,263,9.75,( 479),0
916,αٰŷ                ,ѷα,1,2013.09.02,2343,9.77,( 1222),194
917,αٰŷ                ,1ȭ,2,2013.09.05,1731,9.82,( 1302),133
918,αٰŷ                ,2ȭ,3,2013.09.08,760,9.81,( 1413),124
919,αٰŷ                ,3ȭ,4,2013.09.12,275,9.81,( 1202),120
920,αٰŷ                ,4ȭ,5,2013.09.14,177,9.81,( 1139),113
921,[߸޶ ̻]                ,<< ǿϴ!>>,1,2008.11.20,3226,9.47,( 375),9
922,[߸޶ ̻]                ,<<  ģ>>,2,2008.11.27,1292,9.57,( 359),4
923,[߸޶ ̻]                ,<<Ͻ >>,3,2008.12.04,554,9.68,( 431),2
924,[߸޶ ̻]                ,<≮  >>,4,2008.12.09,355,9.67,( 408),3
925,[߸޶ ̻]                ,<<ſ Ʈ>>,5,2008.12.16,201,9.68,( 445),1
926,ܽź ̾߱ | ξ ̾߱                ,[ ܽź ̾߱ ] ׳   # 01,1,2007.04.30,1574,9.49,( 487),2
927,ܽź ̾߱ | ξ ̾߱                ,[ ܽź ̾߱ ] ׳   # 02,2,2007.05.01,599,9.66,( 429),1
928,ܽź ̾߱ | ξ ̾߱                ,[ ܽź ̾߱ ] ׳   # 03,3,2007.05.02,302,9.70,( 483),1
929,ܽź ̾߱ | ξ ̾߱                ,[ ܽź ̾߱ ] ׳   # 04,4,2007.05.03,213,9.61,( 491),0
930,ܽź ̾߱ | ξ ̾߱                ,[ ܽź ̾߱ ] ׳   # 05,5,2007.05.05,182,9.67,( 520),0
931,׷                 ,1.   (),1,2011.06.09,3618,9.66,( 1775),8
932,׷                 ,1.   (),2,2011.06.13,1508,9.65,( 1585),0
933,׷                 ,1.   (),3,2011.06.16,711,9.68,( 1614),1
934,׷                 ,2.  ź (),4,2011.06.20,498,9.70,( 1622),0
935,׷                 ,2.  ź (),5,2011.06.23,269,9.74,( 1613),0
936,                 ,1,1,2010.05.03,2671,9.55,( 864),13
937,                 ,2,2,2010.05.10,1421,9.56,( 779),9
938,                 ,3,3,2010.05.17,601,9.52,( 728),4
939,                 ,4,4,2010.05.24,431,9.59,( 728),3
940,                 ,5,5,2010.05.31,345,9.61,( 721),2
941,ҼJ                ,÷~Death plot~,1,2008.10.22,1018,9.72,( 439),3
942,ҼJ                , 1ȭ,2,2008.11.09,1724,9.78,( 733),2
943,ҼJ                , 2ȭ,3,2008.11.19,1039,9.78,( 698),0
944,ҼJ                , 3ȭ,4,2008.12.04,677,9.73,( 525),0
945,ҼJ                , 4ȭ,5,2009.01.26,601,9.62,( 494),0
946,                 ,  000,1,2008.11.04,1128,8.90,( 159),2
947,                 ,  001,2,2008.11.04,721,9.21,( 184),2
948,                 ,  002,3,2008.11.05,427,9.29,( 167),2
949,                 ,  003,4,2008.11.06,407,9.48,( 161),2
950,                 ,  004,5,2008.11.07,382,9.46,( 184),2
951,!!Ű!                ,!!Ű! - #001 THE STRANGER (1),1,2008.09.25,2511,9.55,( 578),3
952,!!Ű!                ,!!Ű! - #001 THE STRANGER (2),2,2008.10.02,786,9.60,( 442),1
953,!!Ű!                ,!!Ű! - #001 THE STRANGER (3),3,2008.10.09,326,9.54,( 614),1
954,!!Ű!                ,!!Ű! - #001 THE STRANGER (4),4,2008.10.16,184,9.60,( 455),0
955,!!Ű!                ,!!Ű! - #001 THE STRANGER (5),5,2008.10.23,152,9.61,( 406),0
956,ɹ翡                ,[ɹ翡] - 1ȭ,1,2010.12.05,2287,9.49,( 1847),4
957,ɹ翡                ,[ɹ翡] - 2ȭ,2,2010.12.16,1151,9.55,( 2162),1
958,ɹ翡                ,[ɹ翡] - 3ȭ,3,2010.12.25,405,9.61,( 1902),0
959,ɹ翡                ,[ɹ翡] - 4ȭ,4,2011.01.01,175,9.61,( 1915),0
960,ɹ翡                ,[ɹ翡] - 5ȭ,5,2011.01.08,103,9.71,( 1771),0
961,巯                ,巯 1ȭ -  Ȳ,1,2009.03.23,938,9.60,( 415),1
962,巯                ,巯 2ȭ - ,2,2009.03.30,520,9.70,( 421),2
963,巯                ,巯 3ȭ - Ȳ,3,2009.04.06,250,9.69,( 436),0
964,巯                ,巯 4ȭ - ,4,2009.04.13,143,9.66,( 408),0
965,巯                ,巯 5ȭ - ,5,2009.04.20,126,9.73,( 413),0
966,ȭ                , ȭ ̻Դ.,1,2010.06.18,1200,9.69,( 878),0
967,ȭ                ,ο,2,2010.06.25,456,9.71,( 729),1
968,ȭ                ,¸ ⹦ ο,3,2010.07.02,209,9.62,( 633),1
969,ȭ                ,߻  ,4,2010.07.09,116,9.67,( 664),0
970,ȭ                ,KK,5,2010.07.16,98,9.55,( 754),0
971,Ҹô                ,1ȭ,1,2014.02.14,1155,9.52,( 218),41
972,Ҹô                ,2ȭ,2,2014.02.21,473,9.58,( 179),35
973,Ҹô                ,3ȭ,3,2014.02.28,189,9.48,( 169),29
974,Ҹô                ,4ȭ,4,2014.03.07,96,9.67,( 166),32
975,Ҹô                ,5ȭ,5,2014.03.14,92,9.64,( 170),33
976, Ƹ                ,<ѷα> Ƹ,1,2010.08.19,1112,9.45,( 342),5
977, Ƹ                ,<1> ҽٴ   ̽ũ,2,2010.08.26,684,9.57,( 349),3
978, Ƹ                ,<2> Ƹ,3,2010.09.02,355,9.61,( 246),2
979, Ƹ                ,<3>naega godeunger rani?,4,2010.09.09,171,9.48,( 259),1
980, Ƹ                ,<4> 츮 ڲڴ ð,5,2010.09.16,133,9.52,( 243),1
981,LOST                ,1ȭ,1,2010.08.17,674,9.62,( 433),0
982,LOST                ,2ȭ,2,2010.08.24,345,9.61,( 434),0
983,LOST                ,3ȭ,3,2010.08.31,133,9.62,( 464),0
984,LOST                ,4ȭ,4,2010.09.07,81,9.65,( 463),0
985,LOST                ,5ȭ,5,2010.09.16,54,9.71,( 368),0
986,̿                 ,ѷα,1,2010.04.21,1138,9.54,( 1150),5
987,̿                 ,1ȭ,2,2010.04.28,746,9.61,( 1272),2
988,̿                 ,2ȭ,3,2010.05.05,263,9.62,( 1075),2
989,̿                 ,3ȭ,4,2010.05.12,98,9.65,( 1063),1
990,̿                 ,4ȭ,5,2010.05.19,53,9.56,( 1077),1
991,踻                ,1. ,1,2011.03.08,1083,9.61,( 1381),8
992,踻                ,2. ,2,2011.03.15,391,9.68,( 1341),3
993,踻                ,3. ,3,2011.03.22,182,9.69,( 1374),3
994,踻                ,4. ̺,4,2011.03.29,147,9.75,( 1177),3
995,踻                ,5. ,5,2011.04.05,84,9.80,( 1159),3
996,Ÿ                ,Ÿ 1ȭ,1,2011.10.26,1092,9.61,( 1125),1
997,Ÿ                ,Ÿ 2ȭ,2,2011.11.02,553,9.59,( 1073),0
998,Ÿ                ,Ÿ 3ȭ,3,2011.11.09,260,9.72,( 1366),0
999,Ÿ                ,Ÿ 4ȭ,4,2011.11.16,140,9.79,( 1434),0
1000,Ÿ                ,Ÿ 5ȭ,5,2011.11.23,92,9.78,( 963),0
1001,My OH                ,ѷα,1,2010.07.21,1594,9.50,( 2346),7
1002,My OH                ,1-Andante,2,2010.07.28,1117,9.58,( 2623),3
1003,My OH                ,2-Allegretto,3,2010.08.04,413,9.57,( 2200),2
1004,My OH                ,3-animato,4,2010.08.11,213,9.62,( 2228),1
1005,My OH                ,4-agitato,5,2010.08.18,143,9.62,( 2041),2
1006,濡                 ,Ÿ,1,2010.07.24,697,9.52,( 187),7
1007,濡                 ,"Ÿ,  ȭ ",2,2010.07.24,451,9.60,( 139),3
1008,濡                 ,ǳ 3ȭ ľϵ,3,2010.08.01,310,9.61,( 145),2
1009,濡                 ,ǳ 4ȭ ľϵ ,4,2010.08.08,144,9.66,( 106),0
1010,濡                 ,ǳ 5ȭ ŵ ̰ ,5,2010.08.15,146,9.74,( 104),0
1011,ȸ                ,ָ ָ  ,1,2006.02.26,392,8.62,( 40),1
1012,ȸ                ,ŵ ̾߱,2,2006.02.26,181,9.53,( 173),2
1013,ȸ                ,ָ ָ  ,3,2006.02.27,129,9.24,( 38),1
1014,ȸ                ,ָ ָ  ,4,2006.02.27,95,9.23,( 26),0
1015,ȸ                ,ָ ָ  ,5,2006.02.27,91,9.20,( 40),0
1016,׷(grunge)                ,1.û Ƿ,1,2010.03.12,397,9.72,( 327),0
1017,׷(grunge)                ,2. ,2,2010.03.19,199,9.71,( 309),1
1018,׷(grunge)                ,3.ʳ,3,2010.03.26,70,9.64,( 300),0
1019,׷(grunge)                ,4.ȿ,4,2010.04.02,37,9.67,( 269),0
1020,׷(grunge)                ,5.ͼҳ,5,2010.04.09,37,9.68,( 255),0
